Designator,Comment,Footprint,LCSC Part #,Quantity
"U_CHG","TP4054","SOT-23-5","C382138",1
"Q_FET","AO3400A","SOT-23","C20917",1
"Q_PWR","AO3401A","SOT-23","C15127",1
"D_PWR","B5819W","SOD-123","C8598",1
"D_HAP","B5819W","SOD-123","C8598",1
"R_PROG","2k","0603","C22975",1
"R_GATE","10k","0603","C25804",1
"R_PWR","100k","0603","C25803",1
"C_VIN","4.7uF","0603","C19666",1
"C_BAT","4.7uF","0603","C19666",1
"Q_LED_PWR","AO3401A","SOT-23","C15127",1
"R_LED_PU","100k","0603","C25803",1
"Q_LED_EN","AO3400A","SOT-23","C20917",1
"R_LED_GATE","10k","0603","C25804",1