Designator,Mid X,Mid Y,Layer,Rotation
"U_CHG","-7.50mm","14.60mm","Top",0
"Q_FET","-15.50mm","-7.00mm","Top",270
"Q_PWR","5.20mm","13.50mm","Top",270
"D_PWR","9.80mm","13.50mm","Top",0
"D_HAP","15.50mm","-6.00mm","Top",180
"R_PROG","-10.20mm","14.60mm","Top",0
"R_GATE","-15.50mm","-10.00mm","Top",0
"R_PWR","5.20mm","16.50mm","Top",0
"C_VIN","-7.50mm","17.10mm","Top",0
"C_BAT","-7.50mm","11.80mm","Top",0
"Q_LED_PWR","-4.50mm","-7.50mm","Top",270
"R_LED_PU","-4.50mm","-4.50mm","Top",0
"Q_LED_EN","0.00mm","-7.50mm","Top",270
"R_LED_GATE","0.00mm","-4.50mm","Top",0